,GSM_code,latitude,longitude,sending_time
0,Osa_94,35.028637, 135.005414,2015-02-09 22:19:37.401532
1,Kob_12,34.972873, 135.078623,2015-02-09 22:19:37.422191
2,Osa_54,34.998736, 135.092986,2015-02-09 22:19:37.439686
3,Kob_31,34.930947, 135.040580,2015-02-09 22:19:37.458259
4,Kob_58,34.943237, 134.921392,2015-02-09 22:19:37.476779
5,Kob_13,34.914570, 135.081307,2015-02-09 22:19:37.492200
6,Kob_07,34.893961, 134.908998,2015-02-09 22:19:37.504573
7,Osa_67,35.048810, 135.167500,2015-02-09 22:19:37.514955
8,Kob_38,34.853898, 135.023526,2015-02-09 22:19:37.527488
9,Kob_66,35.090971, 134.840331,2015-02-09 22:19:37.537502
10,Kob_29,35.023022, 134.801384,2015-02-09 22:19:37.551217
11,Kob_51,34.828477, 135.076066,2015-02-09 22:19:37.567544
12,Kob_59,34.897090, 134.808207,2015-02-09 22:19:37.582059
13,Kob_42,34.950556, 135.221934,2015-02-09 22:19:37.599935
14,Osa_00,34.792836, 135.026752,2015-02-09 22:19:37.622584
15,Osa_20,35.042140, 135.265536,2015-02-09 22:19:37.636443
16,Kob_60,35.122293, 135.226455,2015-02-09 22:19:37.653166
17,Kob_01,34.792594, 135.118287,2015-02-09 22:19:37.674132
18,Kob_00,35.058949, 134.728316,2015-02-09 22:19:37.688720
19,Osa_99,34.774067, 135.081653,2015-02-09 22:19:37.702863
20,Kob_05,34.996594, 134.711238,2015-02-09 22:19:37.717139
21,Osa_10,34.974585, 135.287933,2015-02-09 22:19:37.729363
22,Osa_89,34.760470, 135.000883,2015-02-09 22:19:37.741169
23,Kob_75,34.787539, 134.863646,2015-02-09 22:19:37.754503
24,Kob_96,34.919825, 134.710811,2015-02-09 22:19:37.768230
25,Kob_45,34.918188, 135.297343,2015-02-09 22:19:37.780903
26,Kob_03,35.194851, 134.780904,2015-02-09 22:19:37.798130
27,Kob_47,34.803692, 134.781565,2015-02-09 22:19:37.817655
28,Kob_43,35.183705, 134.760205,2015-02-09 22:19:37.831318
29,Osa_55,35.182327, 135.242480,2015-02-09 22:19:37.847324
30,Kyo_37,35.069335, 135.319021,2015-02-09 22:19:37.864199
31,Kyo_60,34.994696, 135.331555,2015-02-09 22:19:37.877000
32,Osa_62,35.163600, 135.266507,2015-02-09 22:19:37.897430
33,Kob_82,34.848294, 135.278163,2015-02-09 22:19:37.919005
34,Osa_90,34.857031, 135.286878,2015-02-09 22:19:37.936347
35,Kyo_99,35.131881, 135.300894,2015-02-09 22:19:37.952327
36,Kyo_90,35.149649, 135.295277,2015-02-09 22:19:37.968458
37,Osa_06,34.725087, 135.109622,2015-02-09 22:19:37.983216
38,Kob_80,34.712355, 135.051214,2015-02-09 22:19:37.995960
39,Osa_39,35.090291, 135.341029,2015-02-09 22:19:38.005944
40,Osa_14,34.751710, 135.192708,2015-02-09 22:19:38.027389
41,Osa_05,34.744897, 135.179797,2015-02-09 22:19:38.040596
42,Kyo_72,35.165750, 135.297078,2015-02-09 22:19:38.053251
43,Kyo_66,35.113548, 135.340924,2015-02-09 22:19:38.069437
44,Osa_76,34.721786, 135.160255,2015-02-09 22:19:38.092888
45,Kob_68,34.742246, 134.778627,2015-02-09 22:19:38.105796
46,Kob_67,34.686845, 135.053786,2015-02-09 22:19:38.118758
47,Osa_25,34.948303, 135.382601,2015-02-09 22:19:38.131732
48,Osa_40,34.714624, 135.173605,2015-02-09 22:19:38.143871
49,Osa_48,35.193847, 135.316521,2015-02-09 22:19:38.158075
50,Kob_92,34.674293, 134.947444,2015-02-09 22:19:38.181732
51,Osa_82,34.998294, 135.405948,2015-02-09 22:19:38.193665
52,Osa_09,34.666083, 135.032276,2015-02-09 22:19:38.208434
53,Osa_74,34.667007, 135.046590,2015-02-09 22:19:38.223244
54,Osa_87,35.064608, 135.401148,2015-02-09 22:19:38.234069
55,Osa_16,35.133982, 135.375752,2015-02-09 22:19:38.247125
56,Kyo_20,34.816701, 135.346923,2015-02-09 22:19:38.262586
57,Kob_36,34.655935, 135.026663,2015-02-09 22:19:38.272676
58,Osa_45,35.181668, 135.359752,2015-02-09 22:19:38.283758
59,Kyo_98,34.972683, 135.424039,2015-02-09 22:19:38.303375
60,Kob_91,34.705281, 134.769998,2015-02-09 22:19:38.320404
61,Kyo_46,34.910045, 135.412179,2015-02-09 22:19:38.335130
62,Kyo_12,34.934291, 135.420881,2015-02-09 22:19:38.345567
63,Kyo_51,34.752124, 135.309716,2015-02-09 22:19:38.359882
64,Kyo_74,35.085593, 135.422681,2015-02-09 22:19:38.376459
65,Kob_48,34.699796, 134.747879,2015-02-09 22:19:38.394812
66,Kob_25,34.722078, 134.706780,2015-02-09 22:19:38.413283
67,Kob_70,35.137885, 135.418845,2015-02-09 22:19:38.427580
68,Osa_33,35.124313, 135.432203,2015-02-09 22:19:38.439555
69,Osa_03,34.709559, 135.291875,2015-02-09 22:19:38.450462
70,Kob_57,34.659382, 135.200207,2015-02-09 22:19:38.463448
71,Kob_53,34.713182, 135.300213,2015-02-09 22:19:38.479889
72,Kob_41,34.623984, 134.937822,2015-02-09 22:19:38.497363
73,Kob_87,34.864132, 135.431134,2015-02-09 22:19:38.515556
74,Kob_26,34.908620, 135.449383,2015-02-09 22:19:38.526573
75,Kob_40,34.937698, 135.457234,2015-02-09 22:19:38.542426
76,Kob_63,34.805979, 135.407028,2015-02-09 22:19:38.555366
77,Osa_85,34.812894, 135.414973,2015-02-09 22:19:38.567596
78,Kob_32,34.610345, 134.979401,2015-02-09 22:19:38.583569
79,Kob_35,34.890900, 135.456111,2015-02-09 22:19:38.602670
80,Kob_62,34.606469, 134.933400,2015-02-09 22:19:38.614099
81,Kob_23,34.683543, 135.293743,2015-02-09 22:19:38.630202
82,Osa_44,34.670425, 135.275402,2015-02-09 22:19:38.645055
83,Kob_44,35.149061, 135.467416,2015-02-09 22:19:38.663083
84,Kob_65,34.614844, 135.183096,2015-02-09 22:19:38.678482
85,Osa_24,34.663069, 135.295429,2015-02-09 22:19:38.697381
86,Osa_63,34.780721, 135.430108,2015-02-09 22:19:38.711630
87,Osa_31,35.062052, 135.504377,2015-02-09 22:19:38.727510
88,Kob_98,35.061440, 135.509217,2015-02-09 22:19:38.750650
89,Kyo_36,35.232208, 135.438362,2015-02-09 22:19:38.762609
90,Kyo_81,35.284652, 135.394068,2015-02-09 22:19:38.789435
91,Kyo_88,35.057212, 135.530243,2015-02-09 22:19:38.808310
92,Kyo_41,34.974495, 135.533744,2015-02-09 22:19:38.822890
93,Osa_93,34.836630, 135.499814,2015-02-09 22:19:38.835900
94,Osa_29,34.604169, 135.247388,2015-02-09 22:19:38.846008
95,Kyo_03,35.062947, 135.541862,2015-02-09 22:19:38.856956
96,Osa_21,34.882511, 135.534457,2015-02-09 22:19:38.871859
97,Osa_68,34.700309, 135.417403,2015-02-09 22:19:38.884484
98,Osa_02,34.973943, 135.563763,2015-02-09 22:19:38.897098
99,Osa_69,34.924419, 135.557342,2015-02-09 22:19:38.911922
100,Kyo_55,34.619002, 135.331994,2015-02-09 22:19:38.925577
101,Osa_72,34.542883, 135.132626,2015-02-09 22:19:38.941051
102,Osa_08,34.531352, 135.063785,2015-02-09 22:19:38.959533
103,Osa_95,34.706183, 135.456113,2015-02-09 22:19:38.972824
104,Kyo_48,35.171035, 135.550354,2015-02-09 22:19:38.984641
105,Kob_86,34.917763, 135.585589,2015-02-09 22:19:38.995059
106,Kob_24,34.908269, 135.585444,2015-02-09 22:19:39.016172
107,Kob_69,34.569187, 135.289285,2015-02-09 22:19:39.030726
108,Osa_32,34.668892, 135.449953,2015-02-09 22:19:39.041364
109,Kyo_10,34.602769, 135.368346,2015-02-09 22:19:39.055608
110,Kob_06,34.700313, 135.493374,2015-02-09 22:19:39.070977
111,Kyo_68,35.194649, 135.567746,2015-02-09 22:19:39.085012
112,Kyo_92,35.334765, 135.462554,2015-02-09 22:19:39.105644
113,Osa_27,34.561790, 135.310262,2015-02-09 22:19:39.122855
114,Kob_08,34.707118, 135.506597,2015-02-09 22:19:39.136181
115,Osa_98,34.505719, 135.164729,2015-02-09 22:19:39.147826
116,Kyo_24,35.450384, 135.303759,2015-02-09 22:19:39.162325
117,Kob_93,34.629184, 135.434612,2015-02-09 22:19:39.173908
118,Kob_90,34.949318, 135.624352,2015-02-09 22:19:39.189191
119,Osa_46,34.569635, 135.353384,2015-02-09 22:19:39.204755
120,Kyo_22,34.785071, 135.590120,2015-02-09 22:19:39.219337
121,Kob_52,34.508058, 134.751357,2015-02-09 22:19:39.232359
122,Kob_10,34.978619, 135.649622,2015-02-09 22:19:39.241626
123,Osa_75,34.807340, 135.608173,2015-02-09 22:19:39.255540
124,Osa_51,35.152466, 135.626114,2015-02-09 22:19:39.269139
125,Osa_38,34.696417, 135.543378,2015-02-09 22:19:39.283788
126,Kob_18,34.457585, 135.017383,2015-02-09 22:19:39.302229
127,Kob_88,34.631136, 135.496343,2015-02-09 22:19:39.315691
128,Kob_17,35.183678, 135.633787,2015-02-09 22:19:39.327892
129,Kyo_18,35.259591, 135.595183,2015-02-09 22:19:39.340192
130,Kyo_13,34.967384, 135.675235,2015-02-09 22:19:39.355332
131,Kob_22,34.475788, 135.229641,2015-02-09 22:19:39.373615
132,Kyo_85,35.144230, 135.660650,2015-02-09 22:19:39.389933
133,Osa_30,34.442855, 135.106318,2015-02-09 22:19:39.401505
134,Kyo_56,34.952519, 135.687131,2015-02-09 22:19:39.415694
135,Kyo_16,34.819723, 135.656724,2015-02-09 22:19:39.428743
136,Kob_84,34.456871, 134.789300,2015-02-09 22:19:39.442922
137,Kyo_76,34.619833, 135.520802,2015-02-09 22:19:39.459521
138,Kob_61,34.797779, 135.658748,2015-02-09 22:19:39.472528
139,Osa_73,34.702439, 135.613624,2015-02-09 22:19:39.481991
140,Kyo_77,34.658701, 135.579682,2015-02-09 22:19:39.493362
141,Osa_11,35.143145, 135.695531,2015-02-09 22:19:39.506529
142,Kyo_57,35.378500, 135.551412,2015-02-09 22:19:39.522557
143,Kob_04,34.450586, 134.736076,2015-02-09 22:19:39.543825
144,Kob_56,34.655447, 135.582774,2015-02-09 22:19:39.560455
145,Kyo_73,34.596446, 135.525858,2015-02-09 22:19:39.580372
146,Kob_77,34.445138, 134.746272,2015-02-09 22:19:39.591900
147,Osa_80,35.096462, 135.711930,2015-02-09 22:19:39.604543
148,Kyo_63,35.026660, 135.724852,2015-02-09 22:19:39.616691
149,Osa_50,35.177970, 135.696419,2015-02-09 22:19:39.629082
150,Osa_04,34.995131, 135.729314,2015-02-09 22:19:39.643377
151,Kob_30,34.431974, 135.242398,2015-02-09 22:19:39.658497
152,Osa_12,34.400684, 135.090394,2015-02-09 22:19:39.672872
153,Kob_09,34.730577, 135.655829,2015-02-09 22:19:39.687280
154,Kyo_86,35.300184, 135.639832,2015-02-09 22:19:39.697892
155,Osa_28,34.629706, 135.581944,2015-02-09 22:19:39.711413
156,Osa_01,34.558112, 135.506292,2015-02-09 22:19:39.720860
157,Kob_55,34.728582, 135.662702,2015-02-09 22:19:39.732421
158,Kyo_59,35.407098, 135.555417,2015-02-09 22:19:39.746282
159,Kob_46,34.472969, 135.378493,2015-02-09 22:19:39.759309
160,Kob_54,34.404142, 135.174835,2015-02-09 22:19:39.774547
161,Kob_21,34.403737, 134.811224,2015-02-09 22:19:39.788992
162,Osa_81,34.653491, 135.622263,2015-02-09 22:19:39.803593
163,Kyo_43,34.871259, 135.736113,2015-02-09 22:19:39.817798
164,Kyo_34,35.180819, 135.723564,2015-02-09 22:19:39.837314
165,Osa_79,34.389432, 135.168724,2015-02-09 22:19:39.851721
166,Osa_65,34.706511, 135.675836,2015-02-09 22:19:39.864141
167,Kyo_26,34.665275, 135.648417,2015-02-09 22:19:39.876311
168,Kob_97,34.415094, 134.705927,2015-02-09 22:19:39.889954
169,Kyo_58,35.162824, 135.747357,2015-02-09 22:19:39.903554
170,Kob_81,34.416179, 135.304584,2015-02-09 22:19:39.914172
171,Kyo_11,34.741357, 135.705271,2015-02-09 22:19:39.927593
172,Kyo_69,34.998305, 135.780129,2015-02-09 22:19:39.939490
173,Kyo_82,34.637857, 135.644373,2015-02-09 22:19:39.951312
174,Kyo_23,35.275748, 135.712909,2015-02-09 22:19:39.966122
175,Kob_20,34.365488, 134.834276,2015-02-09 22:19:39.977218
176,Kob_11,34.345096, 134.992952,2015-02-09 22:19:39.990531
177,Kyo_31,35.395545, 135.637789,2015-02-09 22:19:40.007082
178,Osa_88,35.131316, 135.781947,2015-02-09 22:19:40.023184
179,Kyo_15,34.927151, 135.793386,2015-02-09 22:19:40.036439
180,Kob_64,34.529600, 135.556800,2015-02-09 22:19:40.057455
181,Kob_19,34.354034, 134.824098,2015-02-09 22:19:40.072387
182,Osa_26,34.592567, 135.640313,2015-02-09 22:19:40.082802
183,Osa_56,34.665744, 135.702285,2015-02-09 22:19:40.095737
184,Kyo_00,34.881073, 135.802591,2015-02-09 22:19:40.108492
185,Kob_76,34.362081, 134.739788,2015-02-09 22:19:40.121727
186,Kyo_45,34.878738, 135.804114,2015-02-09 22:19:40.135149
187,Osa_23,34.436026, 135.457260,2015-02-09 22:19:40.150365
188,Kyo_47,35.270212, 135.757917,2015-02-09 22:19:40.170877
189,Osa_66,34.681428, 135.729860,2015-02-09 22:19:40.184208
190,Kob_50,34.432287, 135.458000,2015-02-09 22:19:40.195261
191,Kob_99,34.383989, 135.358958,2015-02-09 22:19:40.213923
192,Osa_52,34.416388, 135.431406,2015-02-09 22:19:40.233586
193,Kyo_79,34.582018, 135.678686,2015-02-09 22:19:40.249395
194,Kyo_04,34.985480, 135.851864,2015-02-09 22:19:40.262788
195,Kyo_38,34.617285, 135.718588,2015-02-09 22:19:40.290034
196,Osa_42,34.401202, 135.458180,2015-02-09 22:19:40.303028
197,Kob_78,34.324173, 135.274856,2015-02-09 22:19:40.315941
198,Osa_17,34.328197, 135.292683,2015-02-09 22:19:40.335205
199,Kyo_70,34.902462, 135.859138,2015-02-09 22:19:40.347305
200,Osa_59,34.380625, 135.431704,2015-02-09 22:19:40.368474
201,Osa_19,34.675592, 135.786495,2015-02-09 22:19:40.382157
202,Osa_36,35.031150, 135.883092,2015-02-09 22:19:40.397272
203,Osa_07,34.278301, 135.108498,2015-02-09 22:19:40.419584
204,Kyo_17,34.924179, 135.879375,2015-02-09 22:19:40.429888
205,Kyo_50,35.436208, 135.711076,2015-02-09 22:19:40.444607
206,Kyo_33,34.801049, 135.851211,2015-02-09 22:19:40.457480
207,Kob_37,34.285483, 135.184378,2015-02-09 22:19:40.470668
208,Osa_47,34.266090, 135.033385,2015-02-09 22:19:40.485047
209,Osa_41,34.461878, 135.608971,2015-02-09 22:19:40.501128
210,Kob_16,34.433605, 135.572707,2015-02-09 22:19:40.522919
211,Osa_64,34.275234, 135.187631,2015-02-09 22:19:40.535655
212,Osa_78,34.380925, 135.499432,2015-02-09 22:19:40.558192
213,Kyo_42,35.297239, 135.830740,2015-02-09 22:19:40.572567
214,Kob_83,34.459662, 135.632094,2015-02-09 22:19:40.585697
215,Kob_49,34.421190, 135.591538,2015-02-09 22:19:40.597948
216,Kob_79,34.302253, 135.356625,2015-02-09 22:19:40.613245
217,Osa_53,34.254934, 135.167512,2015-02-09 22:19:40.627344
218,Osa_22,35.135137, 135.910816,2015-02-09 22:19:40.640289
219,Kyo_49,35.246572, 135.876359,2015-02-09 22:19:40.656883
220,Osa_92,34.575244, 135.767709,2015-02-09 22:19:40.671251
221,Osa_35,34.550217, 135.747610,2015-02-09 22:19:40.681087
222,Kyo_97,34.610775, 135.800849,2015-02-09 22:19:40.693016
223,Kob_85,34.242456, 135.201160,2015-02-09 22:19:40.706728
224,Kob_95,34.353977, 135.522436,2015-02-09 22:19:40.719208
225,Kyo_05,35.155294, 135.927328,2015-02-09 22:19:40.731659
226,Kob_94,34.335593, 135.495193,2015-02-09 22:19:40.744257
227,Osa_83,35.173417, 135.929509,2015-02-09 22:19:40.757360
228,Kyo_25,35.459666, 135.778104,2015-02-09 22:19:40.770740
229,Osa_70,34.210909, 135.012638,2015-02-09 22:19:40.784961
230,Kob_89,34.369831, 135.591841,2015-02-09 22:19:40.811107
231,Kyo_01,35.286933, 135.911014,2015-02-09 22:19:40.825732
232,Kob_28,34.236875, 135.308273,2015-02-09 22:19:40.839131
233,Kob_72,34.289229, 135.460698,2015-02-09 22:19:40.851207
234,Kyo_27,35.021411, 135.979929,2015-02-09 22:19:40.863622
235,Osa_37,34.699983, 135.913200,2015-02-09 22:19:40.872801
236,Osa_43,34.227202, 135.309623,2015-02-09 22:19:40.886434
237,Kob_33,34.214521, 135.259547,2015-02-09 22:19:40.900510
238,Kyo_67,35.016790, 135.991708,2015-02-09 22:19:40.911100
239,Osa_91,34.520213, 135.805611,2015-02-09 22:19:40.923586
240,Kyo_06,35.468750, 135.820419,2015-02-09 22:19:40.936089
241,Kob_74,34.326468, 135.571770,2015-02-09 22:19:40.949579
242,Osa_57,34.568600, 135.851174,2015-02-09 22:19:40.964097
243,Kob_34,34.258847, 135.441804,2015-02-09 22:19:40.976284
244,Kob_02,34.329958, 135.591077,2015-02-09 22:19:40.990470
245,Kob_15,34.205890, 135.293856,2015-02-09 22:19:41.011093
246,Osa_86,34.631799, 135.922848,2015-02-09 22:19:41.023928
247,Kyo_30,34.810244, 136.001020,2015-02-09 22:19:41.036662
248,Kyo_93,34.811132, 136.003070,2015-02-09 22:19:41.051671
249,Kyo_84,34.857279, 136.015983,2015-02-09 22:19:41.065562
250,Kob_73,34.205615, 135.369915,2015-02-09 22:19:41.078993
251,Osa_60,34.540472, 135.877369,2015-02-09 22:19:41.094118
252,Kyo_83,35.452492, 135.888787,2015-02-09 22:19:41.108135
253,Osa_96,34.267148, 135.549737,2015-02-09 22:19:41.123175
254,Kob_14,34.312361, 135.643203,2015-02-09 22:19:41.135722
255,Kyo_19,35.536629, 135.847933,2015-02-09 22:19:41.150226
256,Kyo_94,35.529810, 135.856236,2015-02-09 22:19:41.174732
257,Kyo_89,34.628197, 135.969260,2015-02-09 22:19:41.189018
258,Kob_27,34.207537, 135.476846,2015-02-09 22:19:41.201911
259,Kyo_28,35.158924, 136.062036,2015-02-09 22:19:41.213314
260,Kyo_78,34.566456, 135.942510,2015-02-09 22:19:41.229298
261,Osa_84,34.513254, 135.906669,2015-02-09 22:19:41.243893
262,Kob_71,34.228029, 135.553496,2015-02-09 22:19:41.256290
263,Kob_39,34.224594, 135.550456,2015-02-09 22:19:41.267954
264,Kyo_52,34.604775, 135.979684,2015-02-09 22:19:41.282741
265,Kyo_91,34.750273, 136.053605,2015-02-09 22:19:41.299108
266,Kyo_75,34.862727, 136.088478,2015-02-09 22:19:41.316256
267,Osa_15,34.350505, 135.774016,2015-02-09 22:19:41.328791
268,Kyo_54,34.908122, 136.106089,2015-02-09 22:19:41.341708
269,Kyo_71,34.944911, 136.110929,2015-02-09 22:19:41.355313
270,Kyo_07,34.954077, 136.117971,2015-02-09 22:19:41.365693
271,Osa_34,34.348063, 135.806290,2015-02-09 22:19:41.378750
272,Kyo_14,35.046557, 136.132208,2015-02-09 22:19:41.394416
273,Kyo_64,35.510393, 135.953628,2015-02-09 22:19:41.408107
274,Kyo_35,35.481401, 135.975689,2015-02-09 22:19:41.422505
275,Kyo_02,35.496011, 135.977120,2015-02-09 22:19:41.440901
276,Osa_18,34.267911, 135.757072,2015-02-09 22:19:41.455294
277,Kyo_21,35.483715, 136.015188,2015-02-09 22:19:41.482446
278,Kyo_32,34.688567, 136.109392,2015-02-09 22:19:41.500621
279,Kyo_95,34.918216, 136.176405,2015-02-09 22:19:41.514087
280,Kyo_09,35.189668, 136.173985,2015-02-09 22:19:41.540672
281,Osa_71,34.355889, 135.916742,2015-02-09 22:19:41.557384
282,Osa_77,34.422099, 135.979778,2015-02-09 22:19:41.569648
283,Kyo_44,34.946606, 136.215608,2015-02-09 22:19:41.584075
284,Kyo_80,34.926802, 136.218829,2015-02-09 22:19:41.596951
285,Osa_58,34.305337, 135.880762,2015-02-09 22:19:41.608016
286,Osa_13,34.225319, 135.781030,2015-02-09 22:19:41.620347
287,Kyo_08,35.048768, 136.227173,2015-02-09 22:19:41.631130
288,Kyo_61,34.920455, 136.228297,2015-02-09 22:19:41.651819
289,Kyo_96,34.674030, 136.166104,2015-02-09 22:19:41.664851
290,Kyo_39,35.427859, 136.124189,2015-02-09 22:19:41.679694
291,Osa_49,34.338421, 135.938388,2015-02-09 22:19:41.695565
292,Kyo_62,35.248122, 136.213461,2015-02-09 22:19:41.708865
293,Kyo_29,34.792412, 136.240059,2015-02-09 22:19:41.727815
294,Osa_97,34.224925, 135.850005,2015-02-09 22:19:41.744996
295,Kyo_53,35.203683, 136.255151,2015-02-09 22:19:41.758758
296,Kyo_65,35.441208, 136.177109,2015-02-09 22:19:41.776345
297,Osa_61,34.232793, 135.906451,2015-02-09 22:19:41.789481
298,Kyo_87,35.514583, 136.158610,2015-02-09 22:19:41.801982
299,Kyo_40,35.415346, 136.222028,2015-02-09 22:19:41.818067
300,Nag_21,34.959847, 136.449121,2015-02-09 22:19:41.834922
301,Nag_48,35.252884, 136.438611,2015-02-09 22:19:41.849022
302,Nag_81,35.271764, 136.439374,2015-02-09 22:19:41.861508
303,Nag_19,35.123414, 136.480104,2015-02-09 22:19:41.874017
304,Nag_70,35.179550, 136.480412,2015-02-09 22:19:41.890171
305,Nag_35,35.011733, 136.513916,2015-02-09 22:19:41.908839
306,Nag_91,35.175919, 136.507970,2015-02-09 22:19:41.927316
307,Nag_86,35.342175, 136.473948,2015-02-09 22:19:41.939352
308,Nag_07,34.939274, 136.540198,2015-02-09 22:19:41.951190
309,Nag_78,35.206160, 136.571603,2015-02-09 22:19:41.969378
310,Nag_98,35.381743, 136.534519,2015-02-09 22:19:41.980865
311,Nag_31,35.142567, 136.604631,2015-02-09 22:19:41.997287
312,Nag_00,34.842833, 136.615263,2015-02-09 22:19:42.017712
313,Nag_97,34.781344, 136.611653,2015-02-09 22:19:42.028559
314,Nag_55,35.529512, 136.513193,2015-02-09 22:19:42.042705
315,Nag_32,35.377528, 136.591122,2015-02-09 22:19:42.055642
316,Nag_64,35.624342, 136.484007,2015-02-09 22:19:42.073917
317,Nag_05,34.834414, 136.671624,2015-02-09 22:19:42.093575
318,Nag_20,34.779977, 136.672438,2015-02-09 22:19:42.108412
319,Nag_59,35.083529, 136.698026,2015-02-09 22:19:42.120218
320,Nag_03,35.149247, 136.705528,2015-02-09 22:19:42.134117
321,Nag_95,35.498465, 136.628619,2015-02-09 22:19:42.151727
322,Nag_84,35.080121, 136.741860,2015-02-09 22:19:42.168817
323,Nag_23,35.158515, 136.742922,2015-02-09 22:19:42.181509
324,Nag_79,34.834474, 136.748623,2015-02-09 22:19:42.198301
325,Nag_85,34.737556, 136.740599,2015-02-09 22:19:42.218009
326,Nag_93,35.097872, 136.780893,2015-02-09 22:19:42.238879
327,Nag_71,34.865238, 136.782885,2015-02-09 22:19:42.251109
328,Nag_87,35.681034, 136.598764,2015-02-09 22:19:42.267762
329,Nag_77,35.031952, 136.816065,2015-02-09 22:19:42.281360
330,Nag_46,35.296537, 136.794668,2015-02-09 22:19:42.294079
331,Nag_09,35.529815, 136.718317,2015-02-09 22:19:42.308729
332,Nag_49,35.057348, 136.829895,2015-02-09 22:19:42.320187
333,Nag_04,35.681777, 136.671145,2015-02-09 22:19:42.333199
334,Nag_73,34.827352, 136.846236,2015-02-09 22:19:42.346295
335,Nag_08,35.474889, 136.774702,2015-02-09 22:19:42.367513
336,Nag_74,35.217189, 136.858324,2015-02-09 22:19:42.382542
337,Nag_28,35.678489, 136.693308,2015-02-09 22:19:42.401361
338,Nag_33,35.278825, 136.867688,2015-02-09 22:19:42.421040
339,Nag_57,35.541025, 136.802452,2015-02-09 22:19:42.437559
340,Nag_34,35.499187, 136.822385,2015-02-09 22:19:42.448817
341,Nag_53,34.775746, 136.901615,2015-02-09 22:19:42.464112
342,Nag_76,35.323908, 136.891443,2015-02-09 22:19:42.483285
343,Nag_50,34.795823, 136.918260,2015-02-09 22:19:42.498451
344,Nag_17,34.716068, 136.913481,2015-02-09 22:19:42.510705
345,Nag_11,34.733760, 136.921848,2015-02-09 22:19:42.523231
346,Nag_94,35.650432, 136.793388,2015-02-09 22:19:42.538489
347,Nag_01,34.777055, 136.936601,2015-02-09 22:19:42.554649
348,Nag_75,35.386732, 136.911760,2015-02-09 22:19:42.570836
349,Nag_24,35.044506, 136.964593,2015-02-09 22:19:42.583661
350,Nag_29,35.384738, 136.916463,2015-02-09 22:19:42.599564
351,Nag_96,34.748698, 136.952357,2015-02-09 22:19:42.615433
352,Nag_68,35.292907, 136.952624,2015-02-09 22:19:42.628502
353,Nag_10,35.116458, 136.994898,2015-02-09 22:19:42.645650
354,Nag_72,35.519550, 136.904001,2015-02-09 22:19:42.660473
355,Nag_61,35.541285, 136.915279,2015-02-09 22:19:42.678063
356,Nag_80,35.051446, 137.066834,2015-02-09 22:19:42.690689
357,Nag_63,34.995742, 137.069168,2015-02-09 22:19:42.710670
358,Nag_82,34.858133, 137.061724,2015-02-09 22:19:42.736208
359,Nag_36,34.934294, 137.070544,2015-02-09 22:19:42.752294
360,Nag_60,35.582384, 136.969214,2015-02-09 22:19:42.767146
361,Nag_89,35.224926, 137.078143,2015-02-09 22:19:42.784776
362,Nag_30,34.910543, 137.089926,2015-02-09 22:19:42.799660
363,Nag_42,34.759905, 137.079151,2015-02-09 22:19:42.811751
364,Nag_27,35.022467, 137.122398,2015-02-09 22:19:42.825074
365,Nag_26,34.951399, 137.144885,2015-02-09 22:19:42.837318
366,Nag_12,34.782144, 137.127592,2015-02-09 22:19:42.856611
367,Nag_37,34.957894, 137.152784,2015-02-09 22:19:42.869001
368,Nag_47,34.872332, 137.151310,2015-02-09 22:19:42.885214
369,Nag_02,35.047779, 137.170050,2015-02-09 22:19:42.896882
370,Nag_56,35.180788, 137.161970,2015-02-09 22:19:42.909883
371,Nag_40,35.030637, 137.176386,2015-02-09 22:19:42.926737
372,Nag_62,35.442131, 137.122840,2015-02-09 22:19:42.947419
373,Nag_51,35.215828, 137.185376,2015-02-09 22:19:42.964392
374,Nag_18,35.473380, 137.139071,2015-02-09 22:19:42.985114
375,Nag_83,34.702338, 137.176887,2015-02-09 22:19:43.000897
376,Nag_25,35.259794, 137.203027,2015-02-09 22:19:43.010702
377,Nag_92,35.517145, 137.164034,2015-02-09 22:19:43.025057
378,Nag_69,35.470255, 137.198775,2015-02-09 22:19:43.043998
379,Nag_43,35.213434, 137.271786,2015-02-09 22:19:43.070705
380,Nag_44,35.453708, 137.230059,2015-02-09 22:19:43.086786
381,Nag_38,35.467348, 137.233268,2015-02-09 22:19:43.099421
382,Nag_16,34.724745, 137.281142,2015-02-09 22:19:43.117940
383,Nag_15,35.601424, 137.201235,2015-02-09 22:19:43.133065
384,Nag_58,35.280584, 137.292141,2015-02-09 22:19:43.146064
385,Nag_52,35.152172, 137.314563,2015-02-09 22:19:43.160168
386,Nag_65,35.341350, 137.287343,2015-02-09 22:19:43.181808
387,Nag_22,35.637045, 137.218564,2015-02-09 22:19:43.194318
388,Nag_54,34.888831, 137.349711,2015-02-09 22:19:43.208069
389,Nag_41,35.383080, 137.315889,2015-02-09 22:19:43.221412
390,Nag_45,35.274867, 137.362700,2015-02-09 22:19:43.234555
391,Nag_66,35.551509, 137.298125,2015-02-09 22:19:43.254049
392,Nag_90,35.162332, 137.388277,2015-02-09 22:19:43.264832
393,Nag_39,35.292911, 137.374856,2015-02-09 22:19:43.278358
394,Nag_99,35.360146, 137.362088,2015-02-09 22:19:43.294860
395,Nag_13,35.158647, 137.405152,2015-02-09 22:19:43.311801
396,Nag_88,35.643295, 137.290020,2015-02-09 22:19:43.332204
397,Nag_06,34.897133, 137.407115,2015-02-09 22:19:43.348753
398,Nag_14,35.337100, 137.405733,2015-02-09 22:19:43.361906
399,Nag_67,35.600416, 137.383373,2015-02-09 22:19:43.382759
400,Sai_68,35.469989, 139.184304,2015-02-09 22:19:43.402260
401,Kaw_42,35.326513, 139.201603,2015-02-09 22:19:43.418935
402,Tok_49,35.299983, 139.231497,2015-02-09 22:19:43.431223
403,Tok_17,35.287903, 139.245925,2015-02-09 22:19:43.441437
404,Kaw_47,35.150357, 139.259721,2015-02-09 22:19:43.455423
405,Kaw_63,35.542054, 139.224285,2015-02-09 22:19:43.470069
406,Kaw_20,35.239602, 139.258913,2015-02-09 22:19:43.481489
407,Tok_91,35.247979, 139.265639,2015-02-09 22:19:43.493866
408,Kaw_60,35.187586, 139.270290,2015-02-09 22:19:43.509677
409,Sai_37,35.740236, 139.201349,2015-02-09 22:19:43.526191
410,Tok_79,35.540278, 139.242255,2015-02-09 22:19:43.542036
411,Yok_52,35.137630, 139.279655,2015-02-09 22:19:43.565323
412,Sai_73,35.373930, 139.265984,2015-02-09 22:19:43.579037
413,Kaw_78,35.424718, 139.261146,2015-02-09 22:19:43.596229
414,Sai_00,35.442407, 139.267849,2015-02-09 22:19:43.613488
415,Kaw_81,35.078887, 139.295793,2015-02-09 22:19:43.625595
416,Sai_05,35.937530, 139.171022,2015-02-09 22:19:43.641190
417,Sai_19,35.426964, 139.280678,2015-02-09 22:19:43.664004
418,Tok_32,35.346624, 139.309333,2015-02-09 22:19:43.677111
419,Tok_98,35.678826, 139.264473,2015-02-09 22:19:43.691722
420,Kaw_14,35.514214, 139.296440,2015-02-09 22:19:43.709505
421,Tok_51,35.519996, 139.301701,2015-02-09 22:19:43.729924
422,Tok_26,35.788848, 139.248511,2015-02-09 22:19:43.746625
423,Sai_49,35.696121, 139.273245,2015-02-09 22:19:43.767520
424,Sai_80,35.605375, 139.292442,2015-02-09 22:19:43.784490
425,Yok_48,35.311526, 139.331614,2015-02-09 22:19:43.800888
426,Sai_65,35.905828, 139.222976,2015-02-09 22:19:43.823095
427,Kaw_29,35.287748, 139.336552,2015-02-09 22:19:43.839151
428,Kaw_27,35.805127, 139.259285,2015-02-09 22:19:43.857821
429,Sai_25,35.870798, 139.243933,2015-02-09 22:19:43.873685
430,Tok_45,35.567652, 139.312606,2015-02-09 22:19:43.891116
431,Kaw_53,35.095007, 139.353741,2015-02-09 22:19:43.913568
432,Sai_41,36.114785, 139.167154,2015-02-09 22:19:43.926822
433,Kaw_35,35.833132, 139.258974,2015-02-09 22:19:43.941702
434,Yok_49,35.733848, 139.283979,2015-02-09 22:19:43.955456
435,Yok_94,35.597245, 139.314464,2015-02-09 22:19:43.977302
436,Kaw_46,35.099348, 139.362756,2015-02-09 22:19:43.991070
437,Yok_50,35.717131, 139.305907,2015-02-09 22:19:44.005963
438,Sai_47,35.570807, 139.335827,2015-02-09 22:19:44.020380
439,Kaw_58,35.852897, 139.277101,2015-02-09 22:19:44.035584
440,Tok_35,35.797355, 139.291690,2015-02-09 22:19:44.047582
441,Yok_17,35.535283, 139.345249,2015-02-09 22:19:44.060316
442,Kaw_22,35.271417, 139.375008,2015-02-09 22:19:44.076099
443,Yok_80,35.267830, 139.378365,2015-02-09 22:19:44.097651
444,Fuk_43,34.104924, 130.775843,2015-02-09 22:19:44.109533
445,Kaw_69,35.862906, 139.282631,2015-02-09 22:19:44.124064
446,Sai_61,35.537090, 139.354732,2015-02-09 22:19:44.140633
447,Sai_43,35.491417, 139.367457,2015-02-09 22:19:44.158729
448,Sai_71,35.969914, 139.260879,2015-02-09 22:19:44.172362
449,Yok_35,35.653320, 139.341929,2015-02-09 22:19:44.191144
450,Kaw_93,35.932069, 139.275490,2015-02-09 22:19:44.206047
451,Yok_42,35.685628, 139.339769,2015-02-09 22:19:44.223364
452,Yok_30,35.397775, 139.387987,2015-02-09 22:19:44.238799
453,Yok_11,35.839102, 139.309371,2015-02-09 22:19:44.255650
454,Tok_92,36.106229, 139.226962,2015-02-09 22:19:44.272288
455,Kaw_28,35.984138, 139.268899,2015-02-09 22:19:44.286374
456,Sai_12,36.089214, 139.233613,2015-02-09 22:19:44.302416
457,Kaw_90,35.757684, 139.336081,2015-02-09 22:19:44.324673
458,Sai_24,35.426520, 139.394527,2015-02-09 22:19:44.338335
459,Yok_44,35.580221, 139.374499,2015-02-09 22:19:44.354410
460,Yok_13,35.126935, 139.417887,2015-02-09 22:19:44.366172
461,Kaw_36,35.797371, 139.333041,2015-02-09 22:19:44.381949
462,Tok_42,35.368411, 139.409221,2015-02-09 22:19:44.405310
463,Sai_10,35.452215, 139.403469,2015-02-09 22:19:44.419813
464,Tok_07,35.572621, 139.386975,2015-02-09 22:19:44.433068
465,Kaw_10,35.570133, 139.390267,2015-02-09 22:19:44.446088
466,Fuk_56,34.095117, 130.726455,2015-02-09 22:19:44.460954
467,Yok_77,35.229111, 139.436496,2015-02-09 22:19:44.474488
468,Kaw_21,35.145829, 139.439749,2015-02-09 22:19:44.488521
469,Kaw_83,35.381779, 139.426221,2015-02-09 22:19:44.499238
470,Kaw_59,35.360923, 139.428824,2015-02-09 22:19:44.512841
471,Sai_76,36.201447, 139.225145,2015-02-09 22:19:44.525691
472,Fuk_02,33.987009, 130.756645,2015-02-09 22:19:44.537346
473,Sai_64,35.373079, 139.430723,2015-02-09 22:19:44.552977
474,Tok_67,35.716239, 139.384335,2015-02-09 22:19:44.569793
475,Yok_85,35.494120, 139.424249,2015-02-09 22:19:44.585354
476,Sai_30,35.537382, 139.420738,2015-02-09 22:19:44.594840
477,Kaw_68,35.756687, 139.378849,2015-02-09 22:19:44.609419
478,Tok_21,36.069841, 139.293835,2015-02-09 22:19:44.626014
479,Kaw_23,35.563769, 139.425629,2015-02-09 22:19:44.642549
480,Tok_47,35.945960, 139.338912,2015-02-09 22:19:44.656568
481,Yok_14,35.885097, 139.357981,2015-02-09 22:19:44.668467
482,Sai_17,35.993219, 139.330718,2015-02-09 22:19:44.682308
483,Tok_40,36.034677, 139.317308,2015-02-09 22:19:44.698018
484,Yok_16,35.625407, 139.433628,2015-02-09 22:19:44.713551
485,Tok_56,35.341467, 139.472475,2015-02-09 22:19:44.727426
486,Fuk_23,33.808532, 130.785784,2015-02-09 22:19:44.737734
487,Kaw_57,35.410676, 139.469432,2015-02-09 22:19:44.751591
488,Kaw_18,35.098221, 139.487304,2015-02-09 22:19:44.765542
489,Yok_37,35.590121, 139.445135,2015-02-09 22:19:44.780685
490,Tok_64,35.485010, 139.469937,2015-02-09 22:19:44.798066
491,Fuk_29,33.731920, 130.807442,2015-02-09 22:19:44.816876
492,Yok_46,34.986750, 139.502426,2015-02-09 22:19:44.828732
493,Sai_94,36.361856, 139.224723,2015-02-09 22:19:44.842589
494,Yok_23,35.195348, 139.503797,2015-02-09 22:19:44.857484
495,Yok_98,35.283697, 139.500852,2015-02-09 22:19:44.871461
496,Yok_36,35.848760, 139.425115,2015-02-09 22:19:44.880677
497,Tok_62,35.344388, 139.512848,2015-02-09 22:19:44.899300
498,Tok_16,35.810867, 139.437626,2015-02-09 22:19:44.910820
499,Tok_01,35.531688, 139.494371,2015-02-09 22:19:44.924784
500,Sai_42,36.051676, 139.374298,2015-02-09 22:19:44.938384
501,Sai_52,36.138629, 139.346097,2015-02-09 22:19:44.951111
502,Yok_00,35.945148, 139.410266,2015-02-09 22:19:44.967036
503,Kaw_76,35.340973, 139.523486,2015-02-09 22:19:44.979717
504,Yok_87,35.653823, 139.482810,2015-02-09 22:19:44.992159
505,Kaw_92,35.353704, 139.529050,2015-02-09 22:19:45.003288
506,Fuk_33,34.139036, 130.599816,2015-02-09 22:19:45.015301
507,Kaw_00,35.369274, 139.533994,2015-02-09 22:19:45.029644
508,Yok_71,35.043381, 139.550149,2015-02-09 22:19:45.043833
509,Fuk_05,33.839944, 130.699143,2015-02-09 22:19:45.060016
510,Kaw_19,35.345720, 139.545940,2015-02-09 22:19:45.081794
511,Yok_06,35.768477, 139.480177,2015-02-09 22:19:45.095529
512,Yok_61,35.586074, 139.516725,2015-02-09 22:19:45.109829
513,Fuk_67,33.509051, 130.854274,2015-02-09 22:19:45.123144
514,Yok_43,35.705219, 139.497736,2015-02-09 22:19:45.135749
515,Tok_55,35.511266, 139.531967,2015-02-09 22:19:45.145706
516,Sai_03,36.079049, 139.397775,2015-02-09 22:19:45.160712
517,Yok_72,35.000249, 139.563467,2015-02-09 22:19:45.177795
518,Sai_02,35.565967, 139.529286,2015-02-09 22:19:45.191729
519,Kaw_95,35.532238, 139.536702,2015-02-09 22:19:45.210322
520,Yok_22,35.278358, 139.569900,2015-02-09 22:19:45.223774
521,Kaw_77,35.847433, 139.480630,2015-02-09 22:19:45.235333
522,Yok_05,35.039276, 139.577027,2015-02-09 22:19:45.252041
523,Yok_67,35.530733, 139.546245,2015-02-09 22:19:45.267439
524,Sai_45,36.024267, 139.437182,2015-02-09 22:19:45.278662
525,Kaw_55,35.608152, 139.541424,2015-02-09 22:19:45.296132
526,Tok_02,35.548780, 139.552623,2015-02-09 22:19:45.318178
527,Sai_32,35.478238, 139.565470,2015-02-09 22:19:45.333942
528,Tok_58,35.274628, 139.586705,2015-02-09 22:19:45.352302
529,Fuk_92,33.693288, 130.714227,2015-02-09 22:19:45.365457
530,Tok_52,35.499440, 139.576281,2015-02-09 22:19:45.379032
531,Yok_88,35.615135, 139.560834,2015-02-09 22:19:45.393253
532,Tok_11,35.382001, 139.592335,2015-02-09 22:19:45.407579
533,Tok_10,36.063299, 139.449254,2015-02-09 22:19:45.425022
534,Tok_77,35.263598, 139.603330,2015-02-09 22:19:45.439854
535,Fuk_90,33.710792, 130.700384,2015-02-09 22:19:45.453602
536,Kaw_41,36.007784, 139.471502,2015-02-09 22:19:45.469251
537,Kaw_79,35.550898, 139.579992,2015-02-09 22:19:45.485765
538,Fuk_50,33.696605, 130.697018,2015-02-09 22:19:45.495908
539,Tok_78,35.311079, 139.611009,2015-02-09 22:19:45.513270
540,Fuk_61,33.463893, 130.807003,2015-02-09 22:19:45.526722
541,Sai_77,36.129194, 139.452102,2015-02-09 22:19:45.540430
542,Fuk_35,33.459112, 130.804474,2015-02-09 22:19:45.555073
543,Kaw_07,35.592909, 139.594384,2015-02-09 22:19:45.569726
544,Kaw_74,35.838470, 139.544299,2015-02-09 22:19:45.580485
545,Yok_60,35.776108, 139.561296,2015-02-09 22:19:45.594547
546,Fuk_77,34.089126, 130.521730,2015-02-09 22:19:45.606615
547,Tok_29,36.158024, 139.454641,2015-02-09 22:19:45.619605
548,Kaw_37,35.301684, 139.635494,2015-02-09 22:19:45.632251
549,Tok_34,35.284075, 139.638033,2015-02-09 22:19:45.643516
550,Tok_19,35.742852, 139.576403,2015-02-09 22:19:45.659392
551,Kaw_62,35.375242, 139.632469,2015-02-09 22:19:45.675131
552,Fuk_97,33.455825, 130.783837,2015-02-09 22:19:45.692349
553,Kaw_99,35.376128, 139.642288,2015-02-09 22:19:45.706900
554,Sai_15,35.739876, 139.588464,2015-02-09 22:19:45.721940
555,Kaw_15,35.576196, 139.619901,2015-02-09 22:19:45.736472
556,Fuk_28,33.675838, 130.662344,2015-02-09 22:19:45.749968
557,Sai_78,36.026210, 139.518298,2015-02-09 22:19:45.766036
558,Kaw_25,36.047841, 139.513231,2015-02-09 22:19:45.785586
559,Sai_90,36.321453, 139.415070,2015-02-09 22:19:45.805498
560,Fuk_57,33.415440, 130.791280,2015-02-09 22:19:45.822136
561,Yok_34,35.092669, 139.666230,2015-02-09 22:19:45.842020
562,Sai_58,35.722808, 139.603381,2015-02-09 22:19:45.861744
563,Fuk_63,34.005464, 130.514256,2015-02-09 22:19:45.878514
564,Yok_58,35.152950, 139.679684,2015-02-09 22:19:45.895046
565,Fuk_04,33.475444, 130.733217,2015-02-09 22:19:45.908925
566,Sai_95,35.798440, 139.609801,2015-02-09 22:19:45.922255
567,Sai_57,35.872360, 139.592056,2015-02-09 22:19:45.933324
568,Kaw_91,35.644113, 139.642139,2015-02-09 22:19:45.945732
569,Yok_40,35.758527, 139.619759,2015-02-09 22:19:45.960422
570,Sai_97,36.050589, 139.545364,2015-02-09 22:19:45.976030
571,Yok_89,35.858394, 139.601035,2015-02-09 22:19:45.988943
572,Kaw_32,35.760689, 139.623912,2015-02-09 22:19:46.001106
573,Sai_54,35.530038, 139.666047,2015-02-09 22:19:46.015638
574,Fuk_80,34.014305, 130.486499,2015-02-09 22:19:46.030003
575,Sai_26,36.302532, 139.456942,2015-02-09 22:19:46.046414
576,Fuk_17,34.056857, 130.471526,2015-02-09 22:19:46.063317
577,Yok_55,35.661794, 139.647968,2015-02-09 22:19:46.076526
578,Fuk_55,33.462495, 130.727146,2015-02-09 22:19:46.090438
579,Fuk_75,33.486773, 130.711347,2015-02-09 22:19:46.104451
580,Kaw_13,35.965115, 139.581306,2015-02-09 22:19:46.118861
581,Kaw_75,36.039772, 139.563134,2015-02-09 22:19:46.146480
582,Sai_70,35.991337, 139.578615,2015-02-09 22:19:46.161760
583,Sai_79,35.947854, 139.591993,2015-02-09 22:19:46.178081
584,Kaw_84,35.822379, 139.627182,2015-02-09 22:19:46.193175
585,Tok_25,35.315383, 139.706368,2015-02-09 22:19:46.206942
586,Kaw_65,35.759178, 139.644162,2015-02-09 22:19:46.221561
587,Yok_74,35.738694, 139.652193,2015-02-09 22:19:46.234410
588,Kaw_31,36.025613, 139.583778,2015-02-09 22:19:46.246418
589,Tok_30,36.083512, 139.565716,2015-02-09 22:19:46.259684
590,Fuk_16,33.727317, 130.563271,2015-02-09 22:19:46.273403
591,Kaw_70,35.576708, 139.696677,2015-02-09 22:19:46.285583
592,Sai_84,35.500699, 139.707953,2015-02-09 22:19:46.296891
593,Fuk_25,33.223360, 130.831400,2015-02-09 22:19:46.308371
594,Yok_75,35.218087, 139.734792,2015-02-09 22:19:46.320176
595,Tok_39,35.674891, 139.685261,2015-02-09 22:19:46.332166
596,Tok_12,35.578838, 139.703087,2015-02-09 22:19:46.345664
597,Fuk_69,33.933144, 130.470702,2015-02-09 22:19:46.359256
598,Tok_04,35.773585, 139.668273,2015-02-09 22:19:46.371261
599,Fuk_06,33.376016, 130.728790,2015-02-09 22:19:46.385364
600,Sai_14,36.002251, 139.612496,2015-02-09 22:19:46.396489
601,Yok_82,35.173548, 139.744878,2015-02-09 22:19:46.413729
602,Kaw_38,35.081367, 139.745958,2015-02-09 22:19:46.431391
603,Sai_06,35.490474, 139.721472,2015-02-09 22:19:46.442894
604,Kaw_85,35.061780, 139.748126,2015-02-09 22:19:46.456731
605,Fuk_58,33.508611, 130.645598,2015-02-09 22:19:46.471121
606,Tok_46,36.013815, 139.619630,2015-02-09 22:19:46.490171
607,Kaw_49,35.330717, 139.746062,2015-02-09 22:19:46.504097
608,Fuk_71,33.310861, 130.753876,2015-02-09 22:19:46.514540
609,Fuk_66,34.071548, 130.406377,2015-02-09 22:19:46.527170
610,Kaw_67,35.802075, 139.677818,2015-02-09 22:19:46.543482
611,Sai_89,36.309963, 139.517851,2015-02-09 22:19:46.554627
612,Sai_38,35.428004, 139.741426,2015-02-09 22:19:46.568150
613,Sai_01,36.071119, 139.606511,2015-02-09 22:19:46.581674
614,Fuk_39,33.653576, 130.568147,2015-02-09 22:19:46.595001
615,Sai_85,35.646452, 139.713336,2015-02-09 22:19:46.609588
616,Yok_01,35.120026, 139.761451,2015-02-09 22:19:46.625950
617,Tok_18,35.553578, 139.730775,2015-02-09 22:19:46.636986
618,Tok_99,36.026213, 139.626125,2015-02-09 22:19:46.652646
619,Kaw_82,35.770505, 139.692641,2015-02-09 22:19:46.667768
620,Sai_04,35.658874, 139.716111,2015-02-09 22:19:46.686423
621,Tok_48,36.065839, 139.617196,2015-02-09 22:19:46.702322
622,Sai_21,35.413848, 139.755205,2015-02-09 22:19:46.720657
623,Fuk_36,33.527933, 130.615931,2015-02-09 22:19:46.735828
624,Sai_62,35.667912, 139.720641,2015-02-09 22:19:46.748935
625,Yok_03,35.807155, 139.695867,2015-02-09 22:19:46.773385
626,Fuk_82,33.342724, 130.711568,2015-02-09 22:19:46.785375
627,Kaw_16,35.398487, 139.764226,2015-02-09 22:19:46.797459
628,Yok_93,35.831650, 139.696208,2015-02-09 22:19:46.810645
629,Kaw_48,35.300523, 139.775510,2015-02-09 22:19:46.826163
630,Yok_66,35.572106, 139.751979,2015-02-09 22:19:46.840400
631,Tok_96,35.443076, 139.768849,2015-02-09 22:19:46.852334
632,Tok_97,35.405558, 139.774072,2015-02-09 22:19:46.866039
633,Yok_31,35.143991, 139.789134,2015-02-09 22:19:46.879592
634,Yok_25,35.682414, 139.738771,2015-02-09 22:19:46.894633
635,Sai_50,36.292248, 139.564400,2015-02-09 22:19:46.911184
636,Tok_33,35.367445, 139.789281,2015-02-09 22:19:46.926459
637,Tok_65,35.824933, 139.717594,2015-02-09 22:19:46.936911
638,Kaw_43,35.751114, 139.734861,2015-02-09 22:19:46.949600
639,Yok_38,34.989583, 139.802106,2015-02-09 22:19:46.963384
640,Tok_28,35.756356, 139.735773,2015-02-09 22:19:46.977120
641,Sai_51,36.113864, 139.642073,2015-02-09 22:19:46.992524
642,Fuk_15,33.581038, 130.550257,2015-02-09 22:19:47.006168
643,Fuk_81,33.502774, 130.587515,2015-02-09 22:19:47.019292
644,Tok_61,35.406368, 139.799631,2015-02-09 22:19:47.032401
645,Tok_73,35.643414, 139.769135,2015-02-09 22:19:47.051972
646,Yok_26,35.823476, 139.733238,2015-02-09 22:19:47.068278
647,Kaw_01,36.036541, 139.676787,2015-02-09 22:19:47.078594
648,Tok_41,35.801010, 139.740576,2015-02-09 22:19:47.092290
649,Sai_08,35.855114, 139.728485,2015-02-09 22:19:47.104447
650,Fuk_03,33.755606, 130.460079,2015-02-09 22:19:47.127482
651,Sai_83,35.390610, 139.805639,2015-02-09 22:19:47.138937
652,Fuk_37,34.058275, 130.345096,2015-02-09 22:19:47.151643
653,Kaw_02,35.144406, 139.820624,2015-02-09 22:19:47.168295
654,Tok_05,35.489090, 139.797356,2015-02-09 22:19:47.179592
655,Tok_87,35.723747, 139.760780,2015-02-09 22:19:47.191465
656,Kaw_09,35.084426, 139.823820,2015-02-09 22:19:47.204107
657,Tok_93,35.870919, 139.732363,2015-02-09 22:19:47.216257
658,Tok_60,36.002359, 139.698098,2015-02-09 22:19:47.226966
659,Yok_32,35.453668, 139.807824,2015-02-09 22:19:47.238010
660,Tok_83,35.910524, 139.725150,2015-02-09 22:19:47.250201
661,Yok_95,35.896279, 139.730253,2015-02-09 22:19:47.264986
662,Yok_92,35.067855, 139.830689,2015-02-09 22:19:47.282813
663,Tok_84,35.890833, 139.733670,2015-02-09 22:19:47.305407
664,Yok_90,35.134652, 139.840640,2015-02-09 22:19:47.315601
665,Tok_31,35.834483, 139.757648,2015-02-09 22:19:47.327265
666,Sai_67,36.076090, 139.692274,2015-02-09 22:19:47.339904
667,Sai_28,35.472011, 139.821362,2015-02-09 22:19:47.351857
668,Fuk_07,33.753933, 130.433232,2015-02-09 22:19:47.364421
669,Kaw_98,35.970967, 139.733545,2015-02-09 22:19:47.376007
670,Kaw_17,35.441202, 139.838194,2015-02-09 22:19:47.390627
671,Sai_91,36.061656, 139.711187,2015-02-09 22:19:47.406236
672,Sai_18,35.607477, 139.818088,2015-02-09 22:19:47.415715
673,Sai_96,36.327610, 139.618532,2015-02-09 22:19:47.427221
674,Tok_38,35.507794, 139.833619,2015-02-09 22:19:47.445676
675,Fuk_08,33.983667, 130.328946,2015-02-09 22:19:47.461527
676,Tok_82,35.665995, 139.812196,2015-02-09 22:19:47.479359
677,Yok_62,35.195598, 139.860937,2015-02-09 22:19:47.489760
678,Kaw_51,35.414710, 139.850549,2015-02-09 22:19:47.500894
679,Fuk_76,34.079526, 130.291541,2015-02-09 22:19:47.512000
680,Fuk_73,33.302436, 130.638363,2015-02-09 22:19:47.523367
681,Sai_13,35.654392, 139.821210,2015-02-09 22:19:47.538017
682,Sai_07,36.366814, 139.614930,2015-02-09 22:19:47.548611
683,Tok_43,35.522453, 139.844429,2015-02-09 22:19:47.566462
684,Yok_27,35.411712, 139.861481,2015-02-09 22:19:47.583114
685,Sai_98,36.134822, 139.709582,2015-02-09 22:19:47.605597
686,Kaw_30,35.221787, 139.876159,2015-02-09 22:19:47.620947
687,Sai_44,36.112021, 139.720761,2015-02-09 22:19:47.632856
688,Tok_59,35.602482, 139.842137,2015-02-09 22:19:47.648004
689,Fuk_12,34.118249, 130.264637,2015-02-09 22:19:47.664373
690,Fuk_54,33.902911, 130.334918,2015-02-09 22:19:47.679697
691,Kaw_56,35.901024, 139.787712,2015-02-09 22:19:47.693029
692,Tok_36,35.571103, 139.853480,2015-02-09 22:19:47.704089
693,Fuk_79,33.272575, 130.630441,2015-02-09 22:19:47.718070
694,Fuk_45,33.149636, 130.704042,2015-02-09 22:19:47.731553
695,Kaw_52,35.815184, 139.814528,2015-02-09 22:19:47.747879
696,Fuk_65,33.182926, 130.680516,2015-02-09 22:19:47.763876
697,Sai_99,35.419670, 139.882295,2015-02-09 22:19:47.774667
698,Tok_27,35.600128, 139.859678,2015-02-09 22:19:47.789945
699,Tok_80,35.948442, 139.786876,2015-02-09 22:19:47.802613
700,Sai_74,35.632038, 139.855388,2015-02-09 22:19:47.812238
701,Sai_55,35.920249, 139.797187,2015-02-09 22:19:47.826069
702,Sai_39,36.082518, 139.761314,2015-02-09 22:19:47.845437
703,Kaw_88,35.757484, 139.846057,2015-02-09 22:19:47.862145
704,Fuk_59,33.967176, 130.281002,2015-02-09 22:19:47.874303
705,Tok_00,35.595226, 139.875821,2015-02-09 22:19:47.888469
706,Kaw_26,36.006244, 139.789028,2015-02-09 22:19:47.900280
707,Yok_04,35.550029, 139.892321,2015-02-09 22:19:47.913837
708,Yok_21,35.909727, 139.823292,2015-02-09 22:19:47.928020
709,Fuk_93,34.088840, 130.229379,2015-02-09 22:19:47.943037
710,Tok_86,35.239215, 139.926382,2015-02-09 22:19:47.959914
711,Sai_09,36.018844, 139.801813,2015-02-09 22:19:47.977142
712,Fuk_62,34.085672, 130.220622,2015-02-09 22:19:47.991032
713,Sai_59,36.178548, 139.755990,2015-02-09 22:19:48.002143
714,Yok_78,35.807545, 139.860799,2015-02-09 22:19:48.013979
715,Fuk_21,34.042555, 130.229474,2015-02-09 22:19:48.027005
716,Tok_20,35.842908, 139.865551,2015-02-09 22:19:48.048155
717,Sai_27,35.853332, 139.864849,2015-02-09 22:19:48.059721
718,Fuk_95,33.173508, 130.623753,2015-02-09 22:19:48.074264
719,Sai_23,36.074784, 139.807099,2015-02-09 22:19:48.091704
720,Tok_89,35.799804, 139.881126,2015-02-09 22:19:48.107280
721,Yok_02,35.612453, 139.916243,2015-02-09 22:19:48.125501
722,Yok_65,35.190171, 139.954483,2015-02-09 22:19:48.137917
723,Kaw_80,35.141294, 139.963569,2015-02-09 22:19:48.154516
724,Sai_34,36.043725, 139.830479,2015-02-09 22:19:48.175951
725,Fuk_38,33.331885, 130.512674,2015-02-09 22:19:48.187158
726,Tok_72,35.925441, 139.863867,2015-02-09 22:19:48.204379
727,Sai_20,36.360882, 139.721569,2015-02-09 22:19:48.216507
728,Fuk_10,33.188266, 130.596488,2015-02-09 22:19:48.231660
729,Sai_11,36.180995, 139.789493,2015-02-09 22:19:48.244255
730,Sai_46,35.769606, 139.901342,2015-02-09 22:19:48.255731
731,Yok_20,35.770012, 139.911134,2015-02-09 22:19:48.292423
732,Yok_63,35.623846, 139.938650,2015-02-09 22:19:48.310959
733,Sai_81,35.831152, 139.901931,2015-02-09 22:19:48.327387
734,Kaw_97,36.037335, 139.851790,2015-02-09 22:19:48.336848
735,Sai_87,36.053159, 139.848115,2015-02-09 22:19:48.348492
736,Yok_09,35.006737, 139.984340,2015-02-09 22:19:48.365327
737,Fuk_14,33.568588, 130.363835,2015-02-09 22:19:48.374717
738,Sai_63,36.192208, 139.818517,2015-02-09 22:19:48.395671
739,Kaw_11,35.878199, 139.912523,2015-02-09 22:19:48.413156
740,Sai_53,35.430417, 139.987958,2015-02-09 22:19:48.423667
741,Yok_19,35.960027, 139.896460,2015-02-09 22:19:48.437695
742,Kaw_05,35.530369, 139.980365,2015-02-09 22:19:48.451491
743,Yok_29,35.491852, 139.985796,2015-02-09 22:19:48.465434
744,Fuk_49,33.235310, 130.521786,2015-02-09 22:19:48.476431
745,Sai_88,36.072073, 139.868170,2015-02-09 22:19:48.488596
746,Tok_88,35.449456, 139.995889,2015-02-09 22:19:48.500525
747,Yok_57,35.676613, 139.969644,2015-02-09 22:19:48.514443
748,Sai_60,35.710456, 139.964365,2015-02-09 22:19:48.527526
749,Kaw_45,35.799096, 139.947243,2015-02-09 22:19:48.540898
750,Yok_12,35.583170, 139.985440,2015-02-09 22:19:48.557407
751,Sai_31,35.608626, 139.984156,2015-02-09 22:19:48.567841
752,Sai_35,35.948628, 139.915418,2015-02-09 22:19:48.583445
753,Tok_44,36.194835, 139.844129,2015-02-09 22:19:48.598104
754,Yok_86,35.138033, 140.025045,2015-02-09 22:19:48.611661
755,Sai_92,36.167177, 139.855021,2015-02-09 22:19:48.625678
756,Tok_06,35.727481, 139.975707,2015-02-09 22:19:48.637954
757,Yok_15,35.546598, 140.012841,2015-02-09 22:19:48.652684
758,Tok_08,35.783198, 139.973493,2015-02-09 22:19:48.662087
759,Tok_69,35.797713, 139.972937,2015-02-09 22:19:48.674279
760,Yok_39,34.981759, 140.042210,2015-02-09 22:19:48.688987
761,Tok_37,36.072049, 139.904889,2015-02-09 22:19:48.699162
762,Kaw_34,35.603863, 140.009025,2015-02-09 22:19:48.711305
763,Kaw_08,35.692041, 139.996650,2015-02-09 22:19:48.721069
764,Sai_69,36.206922, 139.865244,2015-02-09 22:19:48.734097
765,Kaw_94,35.204763, 140.048508,2015-02-09 22:19:48.747236
766,Yok_70,35.363129, 140.040377,2015-02-09 22:19:48.759274
767,Tok_23,35.948411, 139.946207,2015-02-09 22:19:48.768908
768,Yok_51,35.316691, 140.047997,2015-02-09 22:19:48.783527
769,Kaw_24,35.747009, 139.994582,2015-02-09 22:19:48.797004
770,Fuk_51,33.636006, 130.262148,2015-02-09 22:19:48.807535
771,Kaw_73,36.009959, 139.935953,2015-02-09 22:19:48.820111
772,Kaw_04,35.353665, 140.053469,2015-02-09 22:19:48.832817
773,Fuk_41,33.325761, 130.409972,2015-02-09 22:19:48.846235
774,Tok_50,35.656398, 140.020084,2015-02-09 22:19:48.859505
775,Sai_40,35.730753, 140.009031,2015-02-09 22:19:48.872486
776,Kaw_72,35.839877, 139.989002,2015-02-09 22:19:48.887441
777,Kaw_64,35.080824, 140.072092,2015-02-09 22:19:48.904125
778,Sai_86,35.679461, 140.026141,2015-02-09 22:19:48.918706
779,Fuk_94,33.217016, 130.457138,2015-02-09 22:19:48.932045
780,Kaw_71,35.755244, 140.021050,2015-02-09 22:19:48.949629
781,Sai_72,35.796479, 140.014606,2015-02-09 22:19:48.965066
782,Yok_28,35.180711, 140.084712,2015-02-09 22:19:48.975813
783,Yok_73,35.902166, 139.995910,2015-02-09 22:19:48.988918
784,Sai_75,35.892428, 139.998732,2015-02-09 22:19:49.000662
785,Sai_36,35.662977, 140.049485,2015-02-09 22:19:49.013323
786,Sai_82,35.676792, 140.049399,2015-02-09 22:19:49.025483
787,Kaw_33,35.727338, 140.040721,2015-02-09 22:19:49.038137
788,Kaw_50,35.192130, 140.096707,2015-02-09 22:19:49.052305
789,Fuk_87,33.534870, 130.266493,2015-02-09 22:19:49.068577
790,Tok_24,35.761910, 140.039617,2015-02-09 22:19:49.083538
791,Kaw_89,35.186798, 140.106211,2015-02-09 22:19:49.093478
792,Sai_48,35.700041, 140.056285,2015-02-09 22:19:49.107143
793,Sai_56,36.318779, 139.893852,2015-02-09 22:19:49.119024
794,Kaw_03,35.878170, 140.028286,2015-02-09 22:19:49.130226
795,Sai_93,35.947469, 140.015920,2015-02-09 22:19:49.142988
796,Kaw_06,35.300802, 140.115367,2015-02-09 22:19:49.160187
797,Fuk_19,33.285149, 130.366959,2015-02-09 22:19:49.171692
798,Yok_59,35.243480, 140.123713,2015-02-09 22:19:49.185595
799,Yok_99,35.030989, 140.126021,2015-02-09 22:19:49.198421
800,Fuk_88,34.072754, 130.027612,2015-02-09 22:19:49.214352
801,Fuk_91,33.190041, 130.419543,2015-02-09 22:19:49.228470
802,Fuk_98,33.449800, 130.276655,2015-02-09 22:19:49.238587
803,Kaw_44,35.623376, 140.089248,2015-02-09 22:19:49.250203
804,Kaw_86,35.862326, 140.049981,2015-02-09 22:19:49.262765
805,Tok_70,35.940204, 140.032983,2015-02-09 22:19:49.275263
806,Yok_24,35.228339, 140.135554,2015-02-09 22:19:49.290568
807,Yok_07,35.394017, 140.129452,2015-02-09 22:19:49.300942
808,Fuk_40,33.968062, 130.046549,2015-02-09 22:19:49.314962
809,Kaw_54,35.748673, 140.084551,2015-02-09 22:19:49.337671
810,Kaw_66,35.781177, 140.082212,2015-02-09 22:19:49.351180
811,Yok_68,35.134068, 140.148657,2015-02-09 22:19:49.364366
812,Fuk_53,33.789015, 130.098035,2015-02-09 22:19:49.374852
813,Tok_81,35.584250, 140.124924,2015-02-09 22:19:49.386866
814,Yok_69,35.728306, 140.105412,2015-02-09 22:19:49.399679
815,Yok_08,35.366177, 140.154645,2015-02-09 22:19:49.413025
816,Yok_64,34.976567, 140.163289,2015-02-09 22:19:49.430139
817,Fuk_09,33.813056, 130.076318,2015-02-09 22:19:49.444230
818,Kaw_39,35.905354, 140.074156,2015-02-09 22:19:49.459077
819,Kaw_12,35.079762, 140.166901,2015-02-09 22:19:49.472419
820,Sai_33,36.214210, 139.987289,2015-02-09 22:19:49.485281
821,Fuk_20,34.082057, 129.984283,2015-02-09 22:19:49.506621
822,Kaw_87,35.707822, 140.119184,2015-02-09 22:19:49.519042
823,Tok_14,35.876479, 140.087381,2015-02-09 22:19:49.532614
824,Yok_91,35.897320, 140.084507,2015-02-09 22:19:49.546257
825,Fuk_83,33.982796, 130.006020,2015-02-09 22:19:49.559735
826,Tok_90,35.783280, 140.112204,2015-02-09 22:19:49.574174
827,Yok_79,35.795125, 140.111657,2015-02-09 22:19:49.589908
828,Tok_94,35.347610, 140.172107,2015-02-09 22:19:49.601686
829,Tok_57,36.045886, 140.052867,2015-02-09 22:19:49.615510
830,Fuk_26,34.131900, 129.953564,2015-02-09 22:19:49.629552
831,Yok_47,35.222165, 140.182294,2015-02-09 22:19:49.645579
832,Sai_29,35.898607, 140.100629,2015-02-09 22:19:49.671380
833,Tok_54,35.641391, 140.151000,2015-02-09 22:19:49.685502
834,Tok_76,36.055231, 140.061804,2015-02-09 22:19:49.697498
835,Yok_45,35.484103, 140.174523,2015-02-09 22:19:49.711554
836,Fuk_42,33.521733, 130.170308,2015-02-09 22:19:49.727246
837,Tok_74,35.966712, 140.092650,2015-02-09 22:19:49.741248
838,Tok_09,35.722742, 140.145116,2015-02-09 22:19:49.756094
839,Tok_15,36.101681, 140.056866,2015-02-09 22:19:49.768019
840,Fuk_99,33.897374, 130.010574,2015-02-09 22:19:49.779784
841,Yok_53,35.699957, 140.152468,2015-02-09 22:19:49.795427
842,Kaw_96,35.374497, 140.194431,2015-02-09 22:19:49.805991
843,Tok_66,35.319466, 140.198313,2015-02-09 22:19:49.820155
844,Kaw_40,35.374617, 140.196726,2015-02-09 22:19:49.832797
845,Fuk_34,33.652016, 130.099122,2015-02-09 22:19:49.849404
846,Fuk_46,33.375315, 130.227768,2015-02-09 22:19:49.864948
847,Yok_18,35.874815, 140.126504,2015-02-09 22:19:49.876194
848,Tok_95,35.735157, 140.155352,2015-02-09 22:19:49.894109
849,Tok_53,36.195601, 140.042288,2015-02-09 22:19:49.913729
850,Fuk_31,33.202257, 130.310268,2015-02-09 22:19:49.927012
851,Sai_22,36.051508, 140.100064,2015-02-09 22:19:49.943216
852,Yok_83,35.012189, 140.228000,2015-02-09 22:19:49.957475
853,Yok_10,35.591009, 140.200000,2015-02-09 22:19:49.974059
854,Yok_54,35.226385, 140.231840,2015-02-09 22:19:49.986657
855,Fuk_96,33.371833, 130.200315,2015-02-09 22:19:49.999305
856,Fuk_52,33.235603, 130.272902,2015-02-09 22:19:50.014483
857,Fuk_70,33.305839, 130.231098,2015-02-09 22:19:50.032815
858,Yok_97,35.117492, 140.244256,2015-02-09 22:19:50.049484
859,Kaw_61,36.051387, 140.117829,2015-02-09 22:19:50.066644
860,Tok_22,35.594109, 140.213025,2015-02-09 22:19:50.083612
861,Fuk_60,33.265908, 130.246998,2015-02-09 22:19:50.101651
862,Yok_96,35.582888, 140.217591,2015-02-09 22:19:50.117522
863,Yok_33,35.827192, 140.178483,2015-02-09 22:19:50.134288
864,Tok_75,35.725408, 140.204933,2015-02-09 22:19:50.152019
865,Fuk_32,33.925970, 129.937093,2015-02-09 22:19:50.172438
866,Yok_41,35.951686, 140.163713,2015-02-09 22:19:50.191234
867,Yok_56,35.586343, 140.234297,2015-02-09 22:19:50.207954
868,Sai_66,36.354707, 140.042012,2015-02-09 22:19:50.226068
869,Tok_68,35.868669, 140.185336,2015-02-09 22:19:50.243534
870,Yok_76,35.609809, 140.234825,2015-02-09 22:19:50.261285
871,Tok_71,36.075599, 140.141753,2015-02-09 22:19:50.278841
872,Fuk_11,33.880566, 129.933109,2015-02-09 22:19:50.296392
873,Fuk_01,33.336149, 130.169910,2015-02-09 22:19:50.316002
874,Yok_84,35.543395, 140.258521,2015-02-09 22:19:50.334827
875,Fuk_27,33.831359, 129.942299,2015-02-09 22:19:50.351615
876,Tok_13,36.065506, 140.161324,2015-02-09 22:19:50.370384
877,Tok_85,35.898517, 140.214027,2015-02-09 22:19:50.387450
878,Fuk_47,33.800610, 129.925821,2015-02-09 22:19:50.403950
879,Fuk_30,33.978014, 129.857301,2015-02-09 22:19:50.421852
880,Yok_81,35.957009, 140.230276,2015-02-09 22:19:50.438702
881,Sai_16,36.319451, 140.133969,2015-02-09 22:19:50.455941
882,Tok_63,36.172551, 140.182460,2015-02-09 22:19:50.475533
883,Fuk_84,33.371464, 130.082787,2015-02-09 22:19:50.492332
884,Fuk_72,33.481743, 130.021766,2015-02-09 22:19:50.510639
885,Tok_03,36.218432, 140.182057,2015-02-09 22:19:50.527635
886,Fuk_64,33.711308, 129.912036,2015-02-09 22:19:50.545358
887,Fuk_18,33.677155, 129.894256,2015-02-09 22:19:50.562268
888,Fuk_89,33.470612, 129.980477,2015-02-09 22:19:50.580413
889,Fuk_00,33.601251, 129.915402,2015-02-09 22:19:50.596577
890,Fuk_86,33.621984, 129.900573,2015-02-09 22:19:50.617825
891,Fuk_85,33.391363, 130.002939,2015-02-09 22:19:50.641768
892,Fuk_13,33.301207, 130.028449,2015-02-09 22:19:50.661803
893,Fuk_48,33.607779, 129.880624,2015-02-09 22:19:50.682083
894,Fuk_44,33.154136, 130.079306,2015-02-09 22:19:50.703804
895,Fuk_78,33.247966, 130.012066,2015-02-09 22:19:50.724771
896,Fuk_68,33.264889, 129.967242,2015-02-09 22:19:50.746983
897,Fuk_22,33.299257, 129.891582,2015-02-09 22:19:50.766526
898,Fuk_24,33.280711, 129.884722,2015-02-09 22:19:50.790330
899,Fuk_74,33.168705, 129.937388,2015-02-09 22:19:50.809566
